"","Site","B.Al.mg.kg.soil","C.Al.mg.kg.soil","O.Al.mg.kg.soil","B.Ca.mg.kg.soil","C.Ca.mg.kg.soil","O.Ca.mg.kg.soil","B.Fe.mg.kg.soil","C.Fe.mg.kg.soil","O.Fe.mg.kg.soil","B.K.mg.kg.soil","C.K.mg.kg.soil","O.K.mg.kg.soil","B.Mg.mg.kg.soil","C.Mg.mg.kg.soil","O.Mg.mg.kg.soil","B.Mn.mg.kg.soil","C.Mn.mg.kg.soil","O.Mn.mg.kg.soil","B.Na.mg.kg.soil","C.Na.mg.kg.soil","O.Na.mg.kg.soil","B.P.mg.kg.soil","C.P.mg.kg.soil","O.P.mg.kg.soil","B.Sr.mg.kg.soil","C.Sr.mg.kg.soil","O.Sr.mg.kg.soil","B.pH","C.pH","O.pH","B.Bottom_actual","C.Bottom_actual","O.Bottom_actual","B.Bottom_full","C.Bottom_full","O.Bottom_full","B.percent_N","C.percent_N","O.percent_N","B.percent_C","C.percent_C","O.percent_C","B.Top_Depth","C.Top_Depth","O.Top_Depth"
"1",1,338.7306,249.0724,183.4594,66.9433,42.3402,1279.4427,16.6937,14.7031,7.9427,16.1617,10.901,395.0961,4.6972,2.4927,226.3025,1.5131,1.7882,42.984,4.6031,4.0056,33.4688,1.4035,1.6884,31.5596,0.8477,0.7246,10.448,4.61,4.66,3.79,45,55,8,45,55,8,2e-04,2e-04,0.0211,0.0038,0.0025,0.3842,8,45,0
"2",2,166.0068,917.7805,375.5886,48.7991,20.8188,2392.4501,21.0814,39.917,22.4985,13.7709,13.2395,394.4326,7.4683,1.1182,292.7861,0.2545,0.0643,28.7925,3.5505,6.0562,36.208,4.1971,2.1875,49.5544,0.3811,0.2615,18.0248,3.7,4.06,3.99,27,46,7,36,46,7,5e-04,4e-04,0.0163,0.0058,0.0078,0.2715,7,36,0
"3",3,2201.7276,2087.924,368.8292,47.0096,201.3479,426.844,68.5901,1397.0972,273.6773,26.2123,52.6708,100.0657,4.069,19.2735,53.5997,2.1178,2.6008,28.3286,4.8766,8.9098,6.877,6.7376,9.0364,9.1454,0.277,1.5995,2.3158,3.41,4.14,3.45,36,90,8,56,90,8,0.0038,2e-04,0.0075,0.0813,0.0041,0.1349,12,56,0
"5",5,-1,907.9613,-1,-1,47.2447,-1,-1,52.5758,-1,-1,31.7502,-1,-1,9.3623,-1,-1,49.7932,-1,-1,5.6708,-1,-1,8.799,-1,-1,0.4986,-1,-1,3.9932,-1,-1,54,-1,-1,54,-1,-1,0.0017,-1,-1,0.0274,-1,-1,6,-1
"6",6,-1,4383.7431,2481.6141,-1,123.3032,1744.227,-1,142.497,256.693,-1,141.4821,600.8169,-1,8.8637,222.9006,-1,4.3358,330.3954,-1,29.6812,44.916,-1,23.2635,125.0317,-1,1.2632,12.9064,-1,4.22,4.28,-1,49,39,-1,49,39,-1,7e-04,0.0048,-1,0.0109,0.0727,-1,39,0
"7",7,1970.4786,1427.3437,247.1072,17.2095,10.9956,274.3852,456.4178,25.7446,218.6498,26.8173,8.0581,317.0913,5.5033,0.6413,117.4576,2.0151,2.7423,26.2587,4.1289,3.3042,13.2723,8.6954,4.7762,87.574,0.1803,0.0868,2.5225,3.82,4.21,3.07,15,83,8,73,83,8,0.0025,6e-04,0.012,0.0521,0.0128,0.2055,8,73,4
"11",13,895.7069,493.7855,310.683,196.0994,23.2557,958.56,44.6436,16.5399,130.6418,36.8615,6.8959,98.5698,17.422,0.9131,79.2798,5.3325,1.3334,12.5357,12.8918,3.4049,20.8313,5.3556,2.5026,13.3783,1.8324,0.2948,8.9564,3.72,4.09,6.8,29,72,12,62,72,12,0.0031,4e-04,0.006,0.047,0.0057,0.1005,12,62,5
"12",14,1220.0331,1027.406,594.5735,109.6252,22.716,476.2306,90.6189,56.2588,135.8843,45.1812,11.8552,164.8714,14.676,1.0407,69.2961,10.0381,0.5016,7.0524,6.851,4.9513,8.6803,9.9301,2.6532,21.6166,1.0605,0.3336,4.1203,3.69,4.15,3.27,33,80,8,54,80,8,0.0028,5e-04,0.0103,0.0583,0.0097,0.1865,8,54,2
"16",18,619.1832,435.9949,-1,469.6085,184.7273,-1,53.2996,44.0841,-1,30.0349,20.5805,-1,36.9318,14.1009,-1,11.4988,6.5337,-1,9.5873,6.8906,-1,3.1056,1.0852,-1,2.9499,1.3314,-1,3.68,4.47,-1,54,78,-1,68,78,-1,0.001,4e-04,-1,0.0155,0.0055,-1,28,68,-1
"19",21,1903.6358,853.2449,115.6176,47.3588,89.8623,1035.0956,3038.6585,46.5529,134.3922,57.0728,43.2475,350.2004,14.5449,9.5748,190.0789,0.9662,3.7752,93.7706,8.6846,10.0492,18.2321,7.7561,2.1929,123.3097,1.5258,1.2453,6.8862,3.44,4.61,3.3,27,101,8,91,101,8,0.0044,7e-04,0.0143,0.0964,0.0116,0.2765,14,91,3
"22",24,684.5487,862.9354,1707.1614,225.4314,12.3873,20.906,1155.018,61.0775,156.0607,172.3776,15.031,51.2819,65.0641,3.4366,8.2625,15.87,16.8375,15.5547,4.936,2.4195,3.4054,38.8626,9.7873,19.4443,2.0426,0.1416,0.2264,3.43,4.06,4.51,48,80,12,48,80,12,0.007,0.0015,0.0027,0.1137,0.0237,0.046,12,48,3
"24",26,2328.6243,641.6585,97.9668,71.7056,12.4177,1387.3823,495.0953,8.6882,79.8783,32.5778,8.3574,212.2616,8.0482,0.3731,79.6764,0.9472,0.4649,9.759,6.6171,3.935,14.4888,10.4338,4.0288,74.2417,0.7028,0.1769,11.9215,3.66,4.19,3.03,25,87,9,77,87,9,0.0027,2e-04,0.0107,0.0656,0.0057,0.2021,9,77,0
"26",28,2772.8982,472.8768,15.7598,116.9993,7.0683,1479.4148,527.6185,18.4225,9.8619,53.6617,18.4103,287.8771,12.6933,0.5916,192.1217,1.8803,1.9866,70.4426,9.8667,6.0416,16.4771,13.2456,3.8843,382.4291,0.9997,0.1491,8.3808,3.83,4.45,3.2,33,72,6,62,72,6,0.0035,3e-04,0.0169,0.0783,0.0045,0.369,12,62,2
"27",29,2338.4696,304.818,119.9243,98.5649,9.7606,846.1246,1335.4671,13.668,71.0955,47.1906,10.7107,208.8436,12.9736,0.2959,90.0274,1.2681,0.6126,23.8316,6.9894,4.5841,12.2651,11.7869,4.8827,75.1301,1.2254,0.2044,8.5924,3.61,4.44,3.13,31,82,10,72,82,10,0.0034,1e-04,0.0126,0.0788,0.0019,0.2546,14,72,0
"31",33,2658.3258,638.7099,308.0948,138.2868,15.0881,750.9032,383.4267,8.888,169.4817,31.709,7.9561,155.7082,10.9108,0.5708,63.4924,1.4011,0.4989,25.2144,8.5965,4.6794,10.8081,6.5023,0.8399,30.6219,1.0417,0.2739,3.9875,5.59,4.08,3.39,20,88,7,78,88,7,0.0031,4e-04,0.0084,0.0635,0.0066,0.1421,7,78,0
"32",34,4056.0008,697.1321,630.6421,68.8897,11.0117,787.2183,154.9124,17.1247,90.7039,14.8256,4.7264,95.0149,7.0787,0.5231,96.2528,1.7728,1.2941,18.7227,7.0844,3.8856,9.0898,5.3869,1.9846,7.2224,0.6832,0.1145,4.6863,3.72,4.13,4.18,28,100,10,75,100,10,0.002,4e-04,0.0065,0.0491,0.0052,0.1124,10,76,0
"33",35,1833.6639,393.9329,74.961,146.1022,8.677,2787.4588,435.7899,7.8874,17.6792,44.1534,5.1184,389.5277,14.0724,0.5037,270.3391,1.0089,0.4573,42.4887,10.4439,4.7186,32.8946,7.7106,1.1777,196.3462,1.1584,0.2429,18.6131,3.4,3.86,2.79,34,50,10,40,50,10,0.0031,1e-04,0.0174,0.0598,0.0041,0.388,14,40,0
"37",39,810.8588,137.3498,-1,91.6955,14.9591,-1,60.2732,14.041,-1,5.8299,9.7904,-1,6.5397,1.3749,-1,4.4683,1.5552,-1,3.742,2.654,-1,2.7673,1.8465,-1,0.8404,0.2398,-1,3.76,4.28,-1,49,73,-1,49,73,-1,8e-04,1e-04,-1,0.0231,0.0024,-1,21,49,-1
"40",42,1561.022,1299.4638,-1,90.217,7.9231,-1,1073.3919,11.1311,-1,59.9673,6.7884,-1,12.5716,0.5168,-1,4.9423,0.4821,-1,5.0017,6.8985,-1,9.7693,3.742,-1,0.5838,0.1718,-1,3.61,4.29,-1,13,82,-1,56,82,-1,0.0031,6e-04,-1,0.0566,0.0101,-1,6,56,-1
"42",44,1177.9621,85.5489,471.5175,144.8836,95.3487,996.2068,43.9199,6.3917,7.7672,30.3086,37.0077,174.1157,17.9676,16.7455,158.7976,9.5439,2.6557,59.775,9.3846,11.2858,25.4969,6.3536,1.0067,9.8151,1.0501,2.3825,6.7413,4.55,4.82,4.43,30,63,18,53,63,18,0.0016,1e-04,0.0073,0.0238,0.0012,0.1111,18,53,2
"44",46,1263.5172,722.5676,169.8415,56.5827,18.579,1532.6871,791.5537,16.1185,89.3441,60.2188,29.7384,376.925,18.2427,1.3336,187.8357,5.0094,0.8149,131.698,8.4211,9.611,20.5083,9.522,1.3744,109.803,0.853,0.5585,10.5443,3.76,4.36,3.47,25,104,4,79,104,4,0.0025,5e-04,0.0127,0.0422,0.0073,0.2543,4,79,0
"45",47,1128.6822,2354.091,72.354,17.2564,9.5177,353.4555,3126.8968,28.2793,32.3685,42.4225,9.5356,289.0152,16.4056,1.084,192.8338,1.4923,1.5056,14.2756,6.1998,3.2946,21.6691,6.411,6.1167,107.9631,0.5514,0.1273,5.8052,3.35,4.29,2.84,17,103,7,57,120,7,0.003,0.001,0.0189,0.064,0.019,0.3564,7,57,0
"47",49,1145.2507,1117.4935,29.4545,82.5245,35.8575,1513.929,704.3001,15.1846,4.1644,24.5431,18.8979,169.5788,11.922,2.1354,205.1096,0.4695,1.0831,2.445,5.8895,6.7457,25.3247,3.5114,2.2946,100.0588,0.8842,0.4884,15.9775,3.57,4.31,2.79,37,105,9,86,105,9,0.0027,5e-04,0.0184,0.0545,0.0087,0.3888,13,86,3
"48",50,890.1009,-1,-1,97.7506,-1,-1,19.0401,-1,-1,32.7419,-1,-1,5.8351,-1,-1,6.4566,-1,-1,6.2791,-1,-1,3.0742,-1,-1,1.0055,-1,-1,4.407,-1,-1,120,-1,-1,120,-1,-1,0.0015,-1,-1,0.023,-1,-1,8,-1,-1
"50",52,2795.528,1234.6919,-1,61.1142,19.6542,-1,236.2674,20.1451,-1,39.1351,22.7559,-1,7.717,1.683,-1,2.6347,1.7338,-1,7.4299,13.7066,-1,8.685,1.6505,-1,0.674,0.4866,-1,3.42,3.81,-1,21,64,-1,54,64,-1,0.0019,5e-04,-1,0.0346,0.0087,-1,8,54,-1
"51",53,2455.4469,1728.4734,132.9108,65.6654,9.1565,1537.9652,1238.8426,13.8435,15.0604,36.7937,19.8794,217.3623,10.944,0.7506,158.1973,1.0965,1.521,15.6899,6.963,6.4664,21.8034,6.7077,3.1426,104.7645,0.8179,0.2852,12.4756,3.06,3.72,2.47,54,105,8,70,105,8,0.0031,7e-04,0.0233,0.0617,0.0132,0.4309,11,70,0
"53",55,2467.4275,539.2369,-1,32.7007,15.0185,-1,85.7731,18.5093,-1,37.5539,11.2704,-1,5.815,1.2876,-1,0.7974,1.347,-1,5.4475,4.7611,-1,3.4594,1.6752,-1,0.4827,0.2356,-1,3.42,4.08,-1,16,110,-1,90,110,-1,0.0025,4e-04,-1,0.0467,0.0054,-1,8,90,-1
"55",57,2925.821,528.4748,51.979,239.2021,10.2005,2524.1504,773.109,12.1912,12.1415,33.6177,12.81,156.7144,11.0889,0.6485,160.5143,0.9294,1.2965,8.2706,7.2488,4.91,17.0042,2.3477,0.5116,78.955,1.6861,0.2106,14.9575,3.28,3.99,2.71,30,80,11,70,80,11,0.0029,1e-04,0.0118,0.072,0.003,0.385,14,70,0
"56",58,4104.0072,868.3407,32.7449,174.9767,11.0762,3263.2843,486.2095,7.7954,5.0482,21.3488,2.4185,214.145,11.1972,0.239,283.6573,0.4657,0.3181,12.4491,6.2053,2.6094,17.8745,1.9697,0.8965,138.0702,1.5144,0.1554,22.9954,4,4.53,4.14,28,85,15,67,85,15,0.0027,2e-04,0.0187,0.0771,0.0058,0.4268,20,67,0
"58",60,2446.2176,861.6036,42.254,85.6049,6.2209,2003.645,1395.5528,11.5517,6.629,28.8893,3.3514,219.7041,22.339,0.6921,429.5915,0.8916,2.0676,4.8446,6.5061,2.1881,38.0906,3.2287,2.0567,122.7063,1.2812,0.1238,21.4295,3.75,4.52,3.09,30,80,14,64,80,14,0.0029,4e-04,0.0211,0.0688,0.0061,0.4492,19,64,5
"59",61,3827.8227,1407.8055,40.568,267.6555,14.546,1861.0201,1538.4307,9.1194,7.8089,41.3251,4.541,233.079,13.2682,0.3602,212.259,1.1822,0.1333,13.2472,15.0116,3.8629,16.2585,4.9011,2.7129,179.7492,1.6991,0.1498,9.2155,3.76,4.36,3.23,30,80,9,58,80,9,0.0038,6e-04,0.0146,0.0928,0.0111,0.2754,16,58,5
"60",62,3016.0579,388.5829,25.5803,108.4315,4.4661,1688.9271,1964.8161,6.9078,2.8785,31.5564,2.258,152.1791,9.7404,0.2015,96.3305,0.8274,0.7125,17.7586,7.0351,1.6486,24.3664,3.1451,2.1238,119.4728,1.3996,0.0582,17.5118,3.69,4.5067,2.91,40,122,12,86,122,12,0.0033,1e-04,0.0174,0.0803,0.0031,0.4558,20,86,0
"61",63,2005.8641,1436.4243,87.9662,26.5141,6.9494,928.8558,860.1626,40.3914,41.5224,80.6058,12.0943,418.4941,15.2043,1.7791,319.5017,5.9789,7.5419,47.4774,3.2891,2.3261,15.7415,10.2211,2.9348,84.9147,0.2397,0.0716,7.5817,3.88,4.36,3.28,23,100,7,59,100,7,0.0034,8e-04,0.0152,0.0559,0.0133,0.2775,7,59,3
"64",66,3258.059,1099.2026,20.755,70.4349,5.286,2312.8681,1404.7589,8.892,1.783,39.2522,5.4581,98.09,8.7487,0.2901,69.7242,0.3953,0.4281,1.9104,12.754,2.9227,24.4041,3.0358,3.1452,77.205,1.732,0.115,29.3961,3.83,4.13,3.04,33,74,12,46,74,12,0.0034,4e-04,0.0162,0.0964,0.0085,0.4195,16,46,3
"67",69,1193.9555,361.3569,-1,42.2827,2.3908,-1,628.9156,35.8264,-1,34.5788,7.1478,-1,9.1173,0.4286,-1,0.8208,0.0914,-1,6.3254,3.5434,-1,4.8924,0.4771,-1,0.5588,0.0953,-1,3.48,4.15,-1,35,63,-1,49,63,-1,0.002,2e-04,-1,0.0411,0.0044,-1,23,49,-1
"70",72,1135.2095,-1,120.7984,14.3567,-1,67.6006,533.3506,-1,139.7413,34.8392,-1,50.8808,10.9917,-1,23.712,0.7451,-1,2.5438,6.2747,-1,4.7804,3.5822,-1,12.0162,0.2576,-1,0.8694,3.33,-1,2.78,34,-1,9,101,-1,9,0.0027,-1,0.011,0.0619,-1,0.2086,13,-1,0
"75",77,2176.54,717.675,40.4268,45.3736,3.4108,968.0942,556.9488,24.309,8.0298,42.1081,8.4638,354.7625,10.605,0.5958,162.5965,2.0602,1.5956,17.2531,5.1251,3.9481,16.0773,8.0044,0.6653,106.8911,0.3703,0.0036,5.6397,3.47,4.12,2.97,29,100,8,70,100,8,0.0034,6e-04,0.0169,0.0702,0.0096,0.3106,12,70,3
"78",80,2299.0027,1132.2219,166.4285,40.8265,7.4896,327.7708,917.7555,14.1548,194.0698,54.2001,7.6598,172.9974,11.3555,0.383,62.9354,1.3957,0.9828,18.8033,6.669,3.4785,8.6582,9.1181,3.2291,48.4024,0.4059,0.1155,1.9422,3.65,4.25,3.15,40,90,6,73,90,6,0.004,4e-04,0.0116,0.0843,0.0083,0.2019,10,73,3
"80",83,1720.9035,84.9015,13.6674,103.6292,513.5154,6635.4864,931.3526,14.4852,5.4267,49.6555,48.1644,672.076,23.8876,158.281,338.9104,1.8459,5.3868,193.2712,9.7666,29.6322,28.1158,7.822,-0.8988,258.8437,1.0269,6.3628,33.7033,4.33,3.22,3.83,19,61,5,51,61,5,0.0028,2e-04,0.0261,0.0533,0.0021,0.4787,12,51,0
"82",85,2230.014,487.1306,254.6378,34.9728,5.0193,825.0699,662.0345,6.3868,123.9095,64.5276,40.0586,296.0517,8.4656,0.7738,125.7425,1.7329,0.8769,65.1155,4.8377,12.782,12.504,8.567,7.2299,71.9742,0.386,0.3582,5.932,4.31,2.56,3.86,22,82,6,62,82,6,0.0028,2e-04,0.01,0.051,0.0028,0.2118,11,62,3
"83",86,2577.9445,1372.2171,44.6408,29.284,45.8244,1180.1734,549.8238,59.257,9.8626,40.9989,27.8234,360.8802,13.513,6.5749,476.9192,0.7628,2.8053,6.6221,6.5344,7.9644,19.2424,2.6286,2.4716,110.244,0.9157,0.6208,12.7207,3.8,2.6,3.48,48,104,22,72,104,22,0.0017,9e-04,0.0211,0.0551,0.0198,0.4825,30,72,0
"85",88,1407.3711,960.2423,-1,40.7211,4.7392,-1,1096.8148,13.5889,-1,37.2627,12.925,-1,10.8887,0.5319,-1,2.0751,0.96,-1,6.5725,4.6877,-1,7.4119,0.1726,-1,0.5389,0.1302,-1,4.13,2.76,-1,42,110,-1,86,110,-1,0.0029,5e-04,-1,0.0636,0.0091,-1,17,86,-1
"86",101,2577.3846,1926.9544,179.3098,72.4114,31.5531,1476.2177,23.7745,36.2159,7.379,21.7342,13.7238,129.5067,6.9344,2.5731,334.7118,1.3534,0.8239,3.909,5.9796,5.3352,35.0276,0.6316,-1.1441,33.418,0.6871,0.3292,30.4288,4.22,2.75,3.89,47,65,23,55,65,23,0.0027,9e-04,0.016,0.0658,0.0204,0.4766,32,55,12
"91",106,1438.1217,550.2082,-1,42.5906,5.6759,-1,175.9008,16.9948,-1,40.0759,10.7077,-1,10.6039,0.6387,-1,1.0282,1.6798,-1,3.6821,3.3472,-1,9.4515,1.3377,-1,0.3731,0.0643,-1,4.01,4.65,-1,26,67,-1,52,67,-1,0.0037,7e-04,-1,0.0569,0.0044,-1,11,52,-1
"92",107,3485.9304,551.5076,114.9647,60.8503,15.2986,1217.8217,663.7389,11.2806,14.5153,41.4908,4.4214,464.8914,8.1832,0.5974,139.7178,3.0797,0.9562,219.3261,13.2627,3.8485,22.8765,6.3906,1.1786,178.816,0.8973,0.2682,8.0603,3.98,4.52,3.43,24,110,2,79,110,2,0.0041,6e-04,0.0196,0.0923,0.0076,0.3374,7,79,0
"95",110,1021.9553,520.4908,47.6342,23.7489,2.9198,1007.4462,443.8278,10.7194,3.712,18.5543,4.7055,202.9182,5.7078,0.4377,108.6138,0.31,0.579,6.0381,6.1968,2.3467,22.545,0.0822,1.8815,102.0866,0.4361,0.0536,13.6098,3.56,4.41,2.85,24,105,11,72,105,11,0.0027,3e-04,0.0233,0.0716,0.007,0.4736,16,72,5
"97",112,1784.3257,-1,36.7048,24.0164,-1,400.5997,1317.2246,-1,7.9722,47.413,-1,175.2862,11.0578,-1,135.5971,0.5406,-1,23.1453,5.704,-1,7.7034,5.0759,-1,103.8347,0.4123,-1,3.5822,3.56,-1,2.91,18,-1,8,110,-1,8,0.0037,-1,0.0175,0.0853,-1,0.3413,13,-1,4
"98",113,1360.6404,657.1684,625.0285,79.9129,7.3473,195.5758,683.0879,13.0409,463.4297,26.6108,3.159,80.3751,10.5347,0.4604,46.8437,0.8359,0.777,4.3224,7.7933,2.6613,7.3533,1.0215,1.6418,10.4334,1.0306,0.111,1.551,2.95,3.64,2.69,48,72,7,62,72,7,0.0028,2e-04,0.0081,0.0685,0.0054,0.158,9,62,4
"100",115,2085.9287,-1,24.9643,197.5924,-1,2705.0893,681.9072,-1,8.162,29.5873,-1,559.0007,10.8618,-1,301.8262,1.0577,-1,118.9805,8.8217,-1,24.1608,2.8804,-1,212.5898,1.4282,-1,9.8375,3.26,-1,2.69,20,-1,4,68,-1,4,0.0034,-1,0.0212,0.0822,-1,0.4812,7,-1,0
"101",116,1541.3794,790.2543,322.1611,70.363,9.601,1208.1538,66.9567,8.7709,24.0587,24.8529,5.0983,185.3152,6.4371,0.5182,92.5921,0.7093,0.1495,14.4228,5.8928,3.3806,15.6958,3.9561,1.5918,60.6095,0.6868,0.1419,7.6599,3.3,3.74,2.73,30,73,12,63,73,12,0.0029,4e-04,0.0142,0.0624,0.0099,0.3219,16,63,4
"103",118,977.4394,1504.9754,51.8503,57.6923,8.8609,1139.8403,752.5237,27.0925,11.0565,21.7078,5.2967,196.8415,7.9803,1.3805,119.6201,0.6847,1.9813,7.3307,6.0934,3.5952,41.3655,1.268,2.1355,120.9979,1.1598,0.1336,20.572,3.12,3.84,2.48,22,85,10,63,85,10,-7e-04,7e-04,0.0193,-4e-04,0.0209,0.4033,15,63,3
"107",122,1971.8916,385.2918,183.8441,90.5178,5.822,946.6296,663.1364,17.7896,93.2055,54.2261,6.8265,246.1861,12.8773,0.5073,115.9347,7.6326,0.8043,43.7921,7.2376,4.3835,17.7676,10.1578,1.6877,54.9495,0.6888,0.103,6.1325,3.32,3.83,2.89,33,90,6,74,90,6,0.0024,0,0.0126,0.055,0.0033,0.2686,8,74,3
"109",125,1998.3989,-1,27.5364,68.6239,-1,1657.7363,337.6599,-1,9.0764,52.8088,-1,192.1266,13.8447,-1,204.561,2.6822,-1,3.4514,7.5564,-1,26.4407,4.5326,-1,47.2262,0.8233,-1,24.1469,3.69,-1,4.41,51,-1,31,51,-1,31,0.0028,-1,0.0142,0.0811,-1,0.5098,34,-1,3
"110",126,3039.0514,1176.1292,160.964,33.4217,10.4891,1419.0136,1860.7523,23.6215,62.1609,46.2007,3.9787,137.6735,12.318,0.4177,106.188,0.659,0.56,5.5725,14.3032,2.5542,27.2931,6.4946,3.8752,50.226,2.2012,0.1567,22.3479,3.34,4.04,4.13,48,96,12,65,96,12,0.0028,5e-04,0.0128,0.0732,0.012,0.3411,19,65,6
"111",127,986.7699,343.047,594.9719,291.7415,5.919,841.107,439.51,20.5224,145.7132,20.7168,4.2495,90.5578,11.2533,0.7731,65.6182,2.0786,0.8937,8.6427,4.9402,1.5036,13.9837,1.1111,0.482,9.2055,2.1954,0.0479,6.9181,4.25,4.2,3.3,35,92,13,72,92,13,0.0024,1e-04,0.013,0.0643,0.0045,0.2658,17,72,4
"112",128,2105.1342,963.529,75.1813,376.9516,14.519,1527.3646,3546.1304,71.75,20.5743,67.7624,4.6457,356.5707,27.7167,1.0723,276.6559,2.3922,1.0963,51.6604,9.83,2.7228,27.8773,15.8939,0.6295,120.5505,2.3123,0.1012,10.1985,3.55,4.2,2.82,19,80,5,65,80,5,0.0049,1e-04,0.0159,0.1022,0.0077,0.3047,7,65,2
"113",129,1780.9509,-1,254.8827,51.3967,-1,1501.7057,247.1484,-1,139.5648,19.7716,-1,276.1297,7.8068,-1,224.5148,1.4798,-1,140.385,3.1225,-1,12.4682,2.3035,-1,75.622,0.3431,-1,7.4229,3.8223,-1,3.48,100,-1,3,100,-1,3,0.0019,-1,0.0113,0.037,-1,0.2015,7,-1,0
"114",130,733.8704,1753.1988,110.4602,39.9984,14.2248,2129.6786,59.2313,77.9125,62.9077,63.7524,36.2889,341.0599,11.9245,3.6695,394.4064,12.5069,7.5308,419.2901,2.3489,3.0828,13.1794,4.8925,5.6353,123.9846,0.1878,0.1088,6.85,3.91,4.09,4.15,18,85,6,54,85,6,0.0011,0.0015,0.0126,0.0165,0.0288,0.2065,6,54,2
"115",131,2815.11145,940.6649,-1,54.6728,7.1942,-1,385.7907,93.9254,-1,38.43735,3.7815,-1,10.32625,0.6684,-1,0.97095,0.1334,-1,6.04505,3.1112,-1,5.82805,1.3965,-1,0.68395,0.1381,-1,3.825,4.4,-1,12,80,-1,34,80,-1,0.00265,4e-04,-1,0.0698,0.0092,-1,2,57,-1
"118",134,1556.1657,455.9444,46.7942,304.3974,41.7356,2422.2724,594.5287,25.4141,6.522,21.0371,6.2625,211.2356,10.9353,3.4689,123.3049,0.8561,5.1364,2.1976,7.8106,4.5583,31.0928,2.6633,1.016,94.3278,3.5659,0.8017,30.7265,3.67,4.39,2.76,46,120,14,91,120,14,0.0016,3e-04,0.0163,0.0489,0.0075,0.4379,19,91,0
"119",135,1995.4834,684.2402,-1,89.6223,5.9886,-1,1202.5806,27.5282,-1,35.0663,3.8858,-1,10.1724,0.4722,-1,1.5563,2.4018,-1,4.9292,1.7214,-1,5.6026,2.3577,-1,0.6868,0.0483,-1,2.97,3.81,-1,40,110,-1,96,110,-1,0.0033,3e-04,-1,0.0811,0.006,-1,17,96,-1
"120",136,912.5269,2212.794,49.7972,36.3205,14.1678,784.5381,445.2533,36.9718,5.9245,11.2677,4.6799,146.1055,5.0335,1.9123,134.6816,0.2896,2.441,3.1993,4.4521,3.5002,34.9418,0.7537,1.2055,61.0262,0.6325,0.2171,15.3746,3.02,3.71,2.24,53,90,27,75,90,27,0.0013,0.001,0.0194,0.0394,0.0294,0.4703,34,75,11
"122",138,700.4702,1063.6968,78.6805,147.0026,27.5388,1115.131,475.2576,57.2157,23.7214,48.7563,14.537,239.1256,15.5247,2.2938,158.1684,1.9285,1.1718,11.7706,4.8922,3.2105,19.0918,1.2034,3.4101,90.2574,1.3468,0.2188,8.6228,3.29,3.88,2.85,42,82,7,63,82,7,0.0037,7e-04,0.013,0.0627,0.015,0.2201,11,63,4
"123",139,-1,-1,295.0657,-1,-1,776.5162,-1,-1,17.7308,-1,-1,302.6483,-1,-1,121.9743,-1,-1,18.9494,-1,-1,16.4106,-1,-1,112.1683,-1,-1,5.222,-1,-1,2.71,-1,-1,7,-1,-1,7,-1,-1,0.0184,-1,-1,0.3826,-1,-1,0
"124",140,911.6709,-1,19.8266,113.9194,-1,3113.8121,1515.5131,-1,0.8609,52.0457,-1,314.7949,22.6254,-1,238.5823,0.5104,-1,5.8792,4.5349,-1,26.9007,1.9759,-1,112.9965,1.1629,-1,23.9589,3.45,-1,2.43,27,-1,16,56,-1,16,0.0031,-1,0.0168,0.0849,-1,0.5139,21,-1,4
"126",142,1227.2942,-1,102.8754,34.4105,-1,332.4384,1241.4934,-1,5.3622,22.1158,-1,105.7259,13.4607,-1,130.6879,1.4802,-1,2.2479,5.6249,-1,29.0383,2.3368,-1,52.1509,0.6207,-1,8.4945,3,-1,2.34,31,-1,11,110,-1,11,0.0028,-1,0.0172,0.0707,-1,0.3256,21,-1,4
"128",144,3492.51,-1,-1,101.9355,-1,-1,299.1273,-1,-1,66.5735,-1,-1,16.9863,-1,-1,4.93,-1,-1,6.6453,-1,-1,13.0958,-1,-1,0.5634,-1,-1,3.65,-1,-1,19,-1,-1,40,-1,-1,0.0055,-1,-1,0.1191,-1,-1,3,-1,-1
"137",155,636.0785,384.1719,6.407,355.818,85.188,3929.791,198.7582,25.9447,1.0162,46.9391,13.2316,172.5931,32.6584,5.5842,334.1267,1.5946,5.6015,9.3386,6.8565,5.3587,14.6314,3.8336,1.6567,58.0179,2.3317,0.86,18.8245,3.7,4.22,3.36,30,67,8,53,67,15,0.0023,5e-04,0.0109,0.0424,0.0064,0.5469,15,53,0
"141",161,845.6879,-1,-1,109.2751,-1,-1,557.2726,-1,-1,65.168,-1,-1,12.8737,-1,-1,2.8498,-1,-1,3.4445,-1,-1,18.9449,-1,-1,0.6395,-1,-1,3.15,-1,-1,23,-1,-1,54,-1,-1,0.0026,-1,-1,0.0323,-1,-1,8,-1,-1
"149",173,-1,-1,33.6286,-1,-1,2530.3453,-1,-1,7.2441,-1,-1,235.4082,-1,-1,226.8002,-1,-1,22.2476,-1,-1,16.6826,-1,-1,132.5685,-1,-1,7.3354,-1,-1,2.46,-1,-1,9,-1,-1,33,-1,-1,0.0196,-1,-1,0.4986,-1,-1,0
"150",174,613.6226,331.1172,-1,818.7347,36.3909,-1,13.3479,23.2965,-1,69.112,12.9099,-1,68.8738,1.7237,-1,7.4473,2.3731,-1,10.4646,2.606,-1,2.4859,0.9342,-1,4.9219,0.3576,-1,4.32,4.33,-1,16,110,-1,88,110,-1,0.0044,2e-04,-1,0.0576,0.0033,-1,9,88,-1
"156",181,1804.9273,-1,-1,36.3853,-1,-1,735.3765,-1,-1,62.2635,-1,-1,12.8003,-1,-1,2.2487,-1,-1,2.9313,-1,-1,20.2568,-1,-1,0.3678,-1,-1,3.72,-1,-1,14,-1,-1,14,-1,-1,0.0049,-1,-1,0.0864,-1,-1,8,-1,-1
"157",182,3436.859,-1,1417.5102,40.724,-1,393.442,346.5781,-1,487.2866,116.0886,-1,292.4366,23.7992,-1,70.8417,18.2188,-1,41.3393,9.2348,-1,10.6842,29.8007,-1,35.8225,0.3335,-1,2.5038,4.01,-1,3.61,46,-1,9,60,-1,9,0.0091,-1,0.0188,0.1636,-1,0.3246,9,-1,0
"161",186,1554.2781,566.8048,-1,39.7503,5.4902,-1,66.7647,10.7426,-1,28.8723,10.5778,-1,5.6059,0.4108,-1,0.9358,0.6549,-1,2.5235,3.0005,-1,3.1209,1.6934,-1,0.3178,0.1503,-1,3.11,3.72,-1,23,92,-1,76,92,-1,0.0024,2e-04,-1,0.0593,0.0042,-1,10,76,-1
"166",192,2073.7077,210.5722,-1,27.1785,5.0838,-1,50.8337,20.4809,-1,26.6971,5.0809,-1,2.0792,0.4166,-1,2.1504,2.6607,-1,1.7151,0.9186,-1,6.3659,3.1573,-1,0.1974,0.04,-1,3.53,3.93,-1,24,95,-1,57,95,-1,0.0013,2e-04,-1,0.0281,0.0021,-1,13,57,-1
"169",195,515.0045,222.9832,-1,26.1237,16.4627,-1,85.8545,25.7942,-1,8.92,6.4315,-1,3.834,1.8808,-1,6.7884,4.1802,-1,1.7868,0.885,-1,3.7752,2.446,-1,0.2802,0.1386,-1,3.63,3.85,-1,46,80,-1,46,80,-1,6e-04,2e-04,-1,0.0093,0.0035,-1,36,46,-1
"171",197,822.2245,627.0495,437.0152,33.9679,17.7138,1488.0777,279.3805,41.1624,281.0319,12.943,6.7577,420.8981,6.3712,2.4736,398.3363,5.8593,6.12,32.8742,2.5859,2.4397,11.222,3.6193,2.4157,93.2166,0.3806,0.2551,10.2299,3.96,4.25,4.41,42,79,9,42,58,9,5e-04,3e-04,0.016,0.0103,0.0052,0.2851,22,42,0
"172",198,735.8311,-1,-1,23.0935,-1,-1,350.0679,-1,-1,43.6086,-1,-1,7.792,-1,-1,7.9476,-1,-1,1.4818,-1,-1,9.6384,-1,-1,0.1863,-1,-1,3.83,-1,-1,20,-1,-1,20,-1,-1,0.001,-1,-1,0.0195,-1,-1,6,-1,-1
"173",199,1639.5679,1032.885,1284.234639,13.8371,24.1372,61.07107391,68.5525,41.5107,756.4380217,28.2541,14.824,120.1230565,5.6336,4.7046,40.9335913,3.1293,29.1361,9.2332,3.1373,6.8278,3.417517391,4.9343,5.0911,18.68111739,0.1823,0.2787,0.660478261,3.99,4.27,3.655652174,54,64,23,54,64,23,0.0011,0.0016,0.003921739,0.03,0.0303,0.083521739,23,54,0
"174",302,1229.3338,776.2718,-1,49.6978,23.9869,-1,35.995,19.4667,-1,15.6927,10.9292,-1,2.3827,0.9982,-1,2.8881,1.8553,-1,2.8608,2.7697,-1,3.459,3.1186,-1,0.4515,0.233,-1,3.6225,3.73,-1,85,95,-1,85,95,-1,0.1225,5e-04,-1,2.385,0.0099,-1,13,85,-1
"175",306,1187.0631,236.7613,187.9502,15.3488,14.2706,1304.714,53.0667,6.0339,68.1698,28.7576,12.6035,419.3812,4.4825,0.9401,172.4793,2.3879,0.7897,71.6195,5.8381,2.4907,27.4725,3.1928,0.398,147.911,0.2725,0.3777,10.1379,3.48,3.82,2.45,43,105,5,95,105,5,0.0013,2e-04,0.012,0.0329,0.0046,0.3258,8,95,0
"176",307,1672.544,150.4607,41.6184,20.511,3.2637,1092.7456,205.3412,4.918,9.7966,30.1519,6.0748,371.3506,4.9823,0.312,95.9975,1.289,0.3347,35.8586,6.2927,1.9768,42.5774,6.0295,1.8576,210.3579,0.3848,0.0946,17.5873,3.33,3.85,2.14,53,110,12,84,110,12,0.0016,1e-04,0.0105,0.051,0.0031,0.4669,12,84,0
"179",316,1119.0095,662.3983,111.7127,79.3888,5.471,1978.0163,842.7945,10.9485,42.2399,42.5213,7.3848,376.2874,12.9261,0.7508,171.5351,1.5272,0.1388,62.9522,8.7485,2.8833,20.6746,5.8424,1.2618,152.4697,1.0228,0.0516,14.6937,3.07,3.82,2.6,45,115,15,81,115,15,0.0015,3e-04,0.0118,0.0337,0.0074,0.3397,18,81,0
"180",317,1680.8716,-1,23.2826,221.5393,-1,829.6806,242.4145,-1,0.8555,34.2327,-1,691.5036,11.5606,-1,221.4444,1.5248,-1,27.8266,9.6295,-1,28.6744,5.5043,-1,266.5741,4.812,-1,15.2884,3.27,-1,2.26,54,-1,17,54,-1,17,0.002,-1,0.0163,0.0415,-1,0.4814,32,-1,0
"184",327,1666.9367,599.2384,17.1938,112.1463,22.8016,2085.5648,134.0281,19.3166,5.9551,27.5228,8.5907,707.1842,4.9132,0.5881,191.9982,2.4487,1.6141,76.249,6.0599,3.4847,27.4509,6.7109,1.2948,300.2163,1.7627,0.37,23.5183,3.52,3.64,2.65,31,93,3,51,120,3,0.0018,3e-04,0.0173,0.0374,0.0065,0.3993,10,51,0
"185",331,3241.4513,240.7585,38.4588,17.1355,2.2533,1182.4502,766.276,7.7555,5.0509,21.9118,3.0125,606.0428,2.9338,0.2821,202.4144,1.0661,0.2732,44.6232,4.6393,1.4106,35.1192,44.6527,1.1779,314.0996,0.7412,0.0411,27.7168,3.21,3.96,3.26,33,82,7,72,82,7,0.0017,0,0.0145,0.0647,0.0021,0.4516,18,72,0
"186",332,3297.5449,335.1226,90.9128,4.5869,1.5556,1595.6215,156.093,7.0978,18.0139,23.5932,5.512,617.6148,2.2081,0.3277,195.6914,1.1348,0.2221,99.7922,4.7389,1.5991,38.8384,13.3504,6.1546,277.9829,0.2591,0.0475,28.0991,3.58,3.84,2.46,-1,80,7,45,80,7,0.0016,1e-04,0.0149,0.0535,0.0038,0.4605,11,45,0
"188",336,3420.8591,392.0058,24.5473,15.273,1.7835,663.0444,649.7521,7.5561,2.0634,34.6396,7.0971,515.1372,5.8966,0.1041,217.5683,4.5127,0.1722,19.9682,5.8478,2.1763,27.2208,25.4359,1.7011,248.8837,0.845,0.0483,22.0587,3.39,3.92,2.21,26,82,13,72,82,13,0.0021,1e-04,0.0152,0.0642,0.0039,0.4611,18,72,0
"190",341,3361.5738,461.0509,196.0649,15.322,5.1827,1360.3434,196.5159,6.5625,20.9876,36.6955,17.9757,358.1574,5.4843,0.1383,132.0397,2.3435,0.7737,11.1832,7.3691,2.6277,28.5754,26.9371,2.2359,148.7654,0.7242,0.0601,24.5515,3.4,3.83,2.27,28,87,13,77,87,13,0.002,1e-04,0.0122,0.0547,0.0038,0.4313,20,77,0
"198",405,2047.178415,663.8300712,85.95471136,43.79856984,13.23975677,2241.678911,416.5714014,42.7068212,59.23544255,40.17166214,7.598140357,513.7873451,12.13204814,0.416132538,327.4370705,3.564558795,1.587252939,49.38189165,8.086163119,3.703869442,35.01042795,9.72965078,2.680941568,204.4831162,0.598072743,0.250142299,17.39239486,3.76,4.35,3.08,10,90,3,44,90,3,0.002045167,0.000258114,0.015173248,0.04596323,0.004953569,0.317222516,3,70,0
"199",406,991.2386264,411.6317092,79.49305948,59.0232956,6.716249738,2122.044681,553.5353018,55.58244161,33.38524885,29.13534377,11.30293892,288.1310198,11.79935205,0.654494449,324.6457009,1.422497295,0.561889811,45.31239397,5.77445697,4.490132001,22.6332769,5.040607487,4.006076862,161.5094901,0.729934235,0.390775695,21.22926927,3.42,4.33,2.94,43,73,6,43,73,6,0.002318322,0.000147687,0.013138794,0.052018527,0.002822696,0.403041107,6,63,0
"202",409,1744.685963,643.2881891,22.52261592,28.11930075,-3.859840923,1363.955575,1163.331176,26.02286491,2.961228074,40.61695809,17.95037531,90.99803879,18.26629419,0.801854595,373.3083402,0.734096707,1.033364806,1.381192369,9.979814827,5.076501276,29.39795142,4.242657433,2.907634089,38.77339995,2.307665018,0.090718639,35.6504457,3.22,4.21,2.47,30,100,15,42,100,20,0.00282399,0.000171843,0.012896765,0.091916757,0.004763159,0.517948795,24,67,0
"204",411,1096.600505,303.6305049,-1,523.3579755,56.63958694,-1,68.98375082,79.00924975,-1,48.80581497,13.34226117,-1,32.42921406,6.266881347,-1,17.74803554,4.509038245,-1,8.27850489,5.553042842,-1,5.900715067,2.569575125,-1,4.37050093,1.163641369,-1,4.195862069,4.64,-1,64,100,-1,64,100,-1,0.001813625,0.000169491,-1,0.033574706,0.002927958,-1,6,90,-1
"206",413,930.0666075,-1,113.0329947,95.79942379,-1,2348.40084,153.8773963,-1,31.63068086,6.985079061,-1,122.8028806,10.43574078,-1,340.8922396,1.689531022,-1,25.5623564,5.645063995,-1,93.92593228,6.527683871,-1,71.60611431,0.718852558,-1,19.24742992,4.048064516,-1,2.79,67,-1,21,72,-1,21,0.000452464,-1,0.014962458,0.01573886,-1,0.468055246,41,-1,6
"207",414,2794.651024,168.3861905,34.78753331,5.328131503,-4.829103186,304.6475466,895.9709476,20.35481022,4.640726813,27.88476798,1.329958972,227.4356876,7.742514275,0.60875986,310.1768388,0.910178059,1.416021744,9.282862174,5.441184413,0.793925523,24.36286318,5.746018358,5.705962165,91.20407218,0.496751206,0.001161467,16.97510461,3.79,4.2,2.59,78,165,13,78,165,38,0.001907942,0.000121637,0.016026619,0.068951919,0.001500296,0.502945839,42,116,0
"208",416,865.7266373,-1,351.2749273,231.2174167,-1,3573.539026,1365.295398,-1,350.9092086,56.33052418,-1,542.7109419,29.97090203,-1,453.1414834,4.945535973,-1,912.4969724,10.45358957,-1,39.0501195,16.72820873,-1,261.7527926,1.559151535,-1,14.99817827,4.21,-1,3.8,60,-1,7,60,-1,7,0.00351384,-1,0.016879833,0.063293001,-1,0.256610636,16,-1,0
"211",419,3673.652533,-1,514.9985979,3.5183879,-1,459.2064912,499.6711785,-1,522.3346543,51.8009657,-1,329.1043089,7.599664052,-1,118.0592015,2.78188944,-1,42.33523415,5.047013213,-1,14.12385609,14.67196873,-1,89.89506939,0.139340051,-1,1.943488384,3.97,-1,2.94,12,-1,7,32,-1,7,0.003129659,-1,0.01244073,0.06558034,-1,0.274642644,7,-1,0
